Hebrew name,English name,code
אמציה,AMAZYA,23
אופקים,OFAQIM,31
איתן,ETAN,37
אליכין,ELYAKHIN,41
אילניה,ILANIYYA,49
אור הנר,OR HANER,67
אשדוד,ASHDOD,70
אשבול,ESHBOL,71
איילת השחר,AYYELET HASHAHAR,77
אדירים,ADDIRIM,113
אביחיל,AVIHAYIL,175
אפיקים,AFIQIM,176
אבן יהודה,EVEN YEHUDA,182
אשדות יעקב  (מאוחד),ASHDOT YA'AQOV(ME'UHAD),188
אשדות יעקב  (איחוד),ASHDOT YA'AQOV(IHUD),199
אלישיב,ELYASHIV,204
אושה,USHA,278
אלונים,ALLONIM,285
אילון,ELON,294
אפק,AFEQ,313
אלומות,ALUMMOT,330
איבים,IBBIM,338
אבן שמואל,EVEN SHEMU'EL,400
אורים,URIM,403
אלוני אבא,ALLONE ABBA,429
אודים,UDIM,446
אבו גוש,ABU GHOSH,472
אבו סנאן,ABU SINAN,473
אכסאל,IKSAL,478
אעבלין,I'BILLIN,529
אזור,AZOR,565
אלקוש,ELQOSH,603
אבטין,IBTIN,652
אביאל,AVI'EL,679
אומץ,OMEZ,680
אליקים,ELYAQIM,682
ארבל,ARBEL,701
ארז,EREZ,714
אייל,EYAL,716
אליפלט,ELIFELET,730
אשתאול,ESHTA'OL,740
אמונים,EMUNIM,772
אורה,ORA,780
אבן ספיר,EVEN SAPPIR,783
אחיהוד,AHIHUD,785
אחיעזר,AHI'EZER,797
אחיסמך,AHISAMAKH,804
אביגדור,AVIGEDOR,819
אחוזם,AHUZZAM,821
אלישמע,ELISHAMA,841
אחיטוב,AHITUV,850
אלוני יצחק,ALLONE YIZHAQ,868
אורנים,ORANIM,882
איתנים,ETANIM,886
אבו עמרה (שבט),ABU  AMRE,932
אבו סריחאן (שבט),ABU SUREIHAN,935
אבו עבדון (שבט),ABU  ABDUN,958
אפיניש (שבט),AFEINISH,959
אסד (שבט),ASAD,960
אבו רוקייק (שבט),ABU RUQAYYEQ,961
אעצם (שבט),A'SAM,963
אטרש (שבט),ATRASH,965
אבו רובייעה (שבט),ABU RUBEI'A,966
אבו ג'ווייעד (שבט),ABU JUWEI'ID,967
אבו קורינאת (שבט),ABU QUREINAT,968
אור עקיבא,OR AQIVA,1020
אבו עמאר (שבט),ABU  AMMAR,1042
אוהד,OHAD,1046
אמירים,AMIRIM,1064
אדמית,ADAMIT,1068
אביעזר,AVI'EZER,1070
אבן מנחם,EVEN MENAHEM,1081
אומן,OMEN,1108
אביבים,AVIVIM,1115
אדרת,ADDERET,1123
אלמגור,ALMAGOR,1125
אילות,ELOT,1126
אלומה,ALUMMA,1145
אשלים,ASHALIM,1152
אחווה,AHAWA,1157
אלון הגליל,ALLON HAGALIL,1182
אשחר,ESHHAR,1188
אבירים,ABBIRIM,1220
אליפז,ELIFAZ,1248
אמנון,AMNUN,1253
אשרת,ASHERAT,1256
אבטליון,AVTALYON,1275
אשבל,ESHBAL,1276
אור הגנוז,OR HAGANUZ,1294
אלעד,EL'AD,1309
אבשלום,AVSHALOM,1311
אל-עריאן,AL-ARYAN,1316
ארסוף,ARSUF,1324
אחוזת ברק,AHUZZAT BARAQ,1330
אירוס,IRUS,1336
אל-עזי,AL-AZY,1339
אבו קורינאת (יישוב),ABU QUREINAT,1342
אום בטין,UMM BATIN,1358
אל סייד,AL SAYYID,1359
אליאב,ELIAV,1365
אבו תלול,ABU TULUL,1375
אורות,OROT,2012
אשל הנשיא,ESHEL HANASI,2021
אום אל-קוטוף,UMM AL-QUTUF,2024
אביטל,AVITAL,2052
אור יהודה,OR YEHUDA,2400
אילת,ELAT,2600
אום אל-פחם,UMM AL-FAHM,2710
אלמוג,ALMOG,3556
אלקנה,ELQANA,3560
אריאל,ARI'EL,3570
אלון מורה,ELON MORE,3579
ארגמן,ARGAMAN,3598
אלון שבות,ALLON SHEVUT,3604
אלעזר,EL'AZAR,3618
אפרת,EFRAT,3650
אשכולות,ESHKOLOT,3722
אלפי מנשה,ALFE MENASHE,3750
אספר,ASFAR,3754
אדורה,ADORA,3759
אורנית,ORANIT,3760
איתמר,ITAMAR,3762
אבנת,AVENAT,3786
אבני חפץ,AVNE HEFEZ,3793
אלי-עד,ELI-AD,4002
אל-רום,EL-ROM,4003
אודם,ODEM,4010
אבני איתן,AVNE ETAN,4011
אניעם,ANI'AM,4012
אורטל,ORTAL,4013
אלוני הבשן,ALLONE HABASHAN,4017
אפיק,AFIQ,4301
אשקלון,ASHQELON,7100
בית ניר,BET NIR,16
באר אורה,BE'ER ORA,21
בת שלמה,BAT SHELOMO,33
בלפוריה,BALFURYA,94
בית אלפא,BET ALFA,95
ברק,BARAQ,141
בית זרע,BET ZERA,143
באר טוביה,BE'ER TOVIYYA,155
בית חנן,BET HANAN,159
בית ינאי,BET YANNAY,200
בית עובד,BET OVED,202
בית צבי,BET ZEVI,212
ביצרון,BIZZARON,234
בית השיטה,BET HASHITTA,242
בית שערים,BET SHE'ARIM,248
ביתן אהרן,BITAN AHARON,252
בית יוסף,BET YOSEF,265
בית יהושע,BET YEHOSHUA,288
בית עוזיאל,BET UZZI'EL,301
בית אורן,BET OREN,317
בית הלל,BET HILLEL,322
בית יצחק-שער חפר,BET YIZHAQ-SH. HEFER,326
בית זיד,BET ZEID,353
בית קשת,BET QESHET,365
ביריה,BIRIYYA,368
בית הלוי,BET HALEWI,373
בני דרור,BENE DEROR,386
בצרה,BAZRA,389
בארי,BE'ERI,399
בני ציון,BENE ZIYYON,418
ברור חיל,BEROR HAYIL,428
בית לחם הגלילית,BET LEHEM HAGELILIT,430
בני עטרות,BENE ATAROT,448
בארות יצחק,BE'EROT YIZHAQ,450
בית דגן,BET DAGAN,466
בית ג'ן,BEIT JANN,480
בועיינה-נוג'ידאת,BU'EINE-NUJEIDAT,482
בענה,BI'NE,483
בוסתן הגליל,BUSTAN HAGALIL,559
בית אלעזרי,BET EL'AZARI,562
בית גמליאל,BET GAMLI'EL,571
בית העמק,BET HAEMEQ,572
בני ראם,BENE RE'EM,588
בצת,BEZET,589
בני דרום,BENE DAROM,592
בית קמה,BET QAMA,598
בית עריף,BET ARIF,604
ברקאי,BARQAY,617
בית גוברין,BET GUVRIN,619
ברעם,BAR'AM,667
בית נקופה,BET NEQOFA,672
בניה,BENAYA,685
בארותיים,BE'EROTAYIM,697
בורגתה,BURGETA,698
בית זית,BET ZAYIT,710
בן עמי,BEN AMMI,712
בית הגדי,BET HAGADDI,723
ברכיה,BEREKHYA,746
בית שקמה,BET SHIQMA,747
בית מאיר,BET ME'IR,751
בית עזרא,BET EZRA,756
בן זכאי,BEN ZAKKAY,760
בטחה,BITHA,762
בית נחמיה,BET NEHEMYA,784
בית חנניה,BET HANANYA,800
בר גיורא,BAR GIYYORA,823
בית רבן,BET RABBAN,848
בקוע,BEQOA,864
בית חירות,BET HERUT,877
בסמת טבעון,BASMAT TAB'UN,944
ביר אל-מכסור,BIR EL-MAKSUR,998
בית חשמונאי,BET HASHMONAY,1050
"בני עי""ש",BENE AYISH,1066
בית ברל,BET BERL,1076
בן שמן (כפר נוער),BEN SHEMEN(K.NO'AR),1084
בית רימון,BET RIMMON,1162
בר יוחאי,BAR YOHAY,1191
באר מילכה,BE'ER MILKA,1278
בת חפר,BAT HEFER,1319
בת הדר,BAT HADAR,1323
"בסמ""ה",BASMA,1326
ביר הדאג',BIR HADAGE,1348
בת חן,BAT HEN,1361
בני נצרים,BNE NETSARIM,1363
בני דקלים,BNE DEQALIM,1368
באר גנים,BE'ER GANNIM,1376
בן שמן (מושב),BEN SHEMEN (MOSHAV),2013
בית חלקיה,BET HILQIYYA,2033
ברקת,BAREQET,2038
בחן,BAHAN,2043
ברוש,BEROSH,2060
באר יעקב,BE'ER YA'AQOV,2530
בית שמש,BET SHEMESH,2610
בית אל,BET EL,3574
בית חורון,BET HORON,3575
בקעות,BEQA'OT,3612
בית הערבה,BET HAARAVA,3645
בית אריה,BET ARYE,3652
ברקן,BARQAN,3654
ברכה,BERAKHA,3710
ברוכין,BRUKHIN,3744
ביתר עילית,BETAR ILLIT,3780
בת עין,BAT AYIN,3794
בוקעאתא,BUQ'ATA,4001
בני יהודה,BENE YEHUDA,4015
באקה אל-גרביה,BAQA AL-GHARBIYYE,6000
בני ברק,BENE BERAQ,6100
בת ים,BAT YAM,6200
באר שבע,BE'ER SHEVA,9000
בית שאן,BET SHE'AN,9200
בנימינה-גבעת עדה,BINYAMINA-GIV'AT ADA,9800
גדות,GADOT,35
גפן,GEFEN,39
גן שמואל,GAN SHEMU'EL,72
גבע,GEVA,86
גיניגר,GINNEGAR,92
גת רימון,GAT RIMMON,128
גבת,GEVAT,133
גן שלמה,GAN SHELOMO,144
גדיש,GADISH,145
גבעת ברנר,GIV'AT BRENNER,147
גן יבנה,GAN YAVNE,166
גבעת חיים (מאוחד),GIV'AT HAYYIM(ME'UHAD),173
גיבתון,GIBBETON,196
"גבעת ח""ן",GIV'AT HEN,207
גני עם,GANNE AM,218
גן השומרון,GAN HASHOMERON,225
גני תקווה,GANNE TIQWA,229
גן חיים,GAN HAYYIM,239
גינוסר,GINNOSAR,262
גשר,GESHER,305
גן שורק,GAN SOREQ,311
גת (קיבוץ),GAT(QIBBUZ),340
גברעם,GEVAR'AM,342
גליל ים,GELIL YAM,346
גבולות,GEVULOT,352
"גבעת ניל""י",GIV'AT NILI,360
גלעד (אבן יצחק),GAL'ED (EVEN YIZHAQ),369
גזר,GEZER,370
גאולים,GE'ULIM,379
גלאון,GAL'ON,393
גבים,GEVIM,424
גדעונה,GID'ONA,442
גזית,GAZIT,457
געתון,GA'TON,463
ג'ולס,JULIS,485
ג'ש (גוש חלב),JISH(GUSH HALAV),487
ג'סר א-זרקא,JISR AZ-ZARQA,541
גנות הדר,GANNOT HADAR,549
גבעת שמש,GIV'AT SHEMESH,566
גשר הזיו,GESHER HAZIW,574
ג'לג'וליה,JALJULYE,627
ג'ת,JATT,628
גבעת שמואל,GIV'AT SHEMU'EL,681
גבע כרמל,GEVA  KARMEL,683
גבעת עוז,GIV'AT OZ,703
גיאה,GE'A,706
גן יאשיה,GAN YOSHIYYA,734
גילת,GILAT,736
גמזו,GIMZO,745
גורן,GOREN,755
גבעת יערים,GIV'AT YE'ARIM,787
גבעתי,GIV'ATI,793
"גבעת כ""ח",GIV'AT KOAH,802
גנות,GANNOT,836
געש,GA'ASH,842
גונן,GONEN,852
גאליה,GE'ALYA,853
גני יוחנן,GANNE YOHANAN,862
גינתון,GINNATON,863
גבעת השלושה,GIV'AT HASHELOSHA,870
גאולי תימן,GE'ULE TEMAN,872
גבעת ישעיהו,GIV'AT YESHA'YAHU,919
ג'נאביב (שבט),JUNNABIB,976
גיזו,GIZO,1043
גן הדרום,GAN HADAROM,1072
גבעת שפירא,GIV'AT SHAPPIRA,1077
גני הדר,GANNE HADAR,1103
גרופית,GEROFIT,1129
גילון,GILON,1204
גיתה,GITTA,1206
גורנות הגליל,GORNOT HAGALIL,1219
גן נר,GAN NER,1274
גבעת אלה,GIV'AT ELA,1288
ג'דיידה-מכר,JUDEIDE-MAKER,1292
גבעת אבני,GIV'AT AVNI,1293
גבעות בר,GEVA'OT BAR,1344
גני טל,GANNE TAL,1371
גבעולים,GIV'OLIM,2014
גבעת חיים (איחוד),GIV'AT HAYYIM (IHUD),2018
גדרה,GEDERA,2550
גלגל,GILGAL,3606
גיתית,GITTIT,3613
גבעון החדשה,GIV'ON HAHADASHA,3644
גבעת זאב,GIV'AT ZE'EV,3730
גבע בנימין,GEVA BINYAMIN,3763
גני מודיעין,GANNE MODI'IN,3823
גבעת יואב,GIV'AT YO'AV,4021
גשור,GESHUR,4022
גבעתיים,GIV'ATAYIM,6300
דגניה א',DEGANYA ALEF,62
דגניה ב',DEGANYA BET,79
דבורה,DEVORA,146
דליה,DALIYYA,300
דפנה,DAFNA,302
דן,DAN,303
דורות,DOROT,336
דברת,DAVERAT,407
דלתון,DALTON,431
דחי,DAHI,475
דבוריה,DABURIYYA,489
דייר אל-אסד,DEIR AL-ASAD,490
דייר חנא,DEIR HANNA,492
דייר ראפאת,DEIR RAFAT,493
דאלית אל-כרמל,DALIYAT AL-KARMEL,494
דור,DOR,738
דבירה,DEVIRA,849
"דוב""ב",DOVEV,1067
דקל,DEQEL,1241
דמיידה,DEMEIDE,1317
דריג'את,DERIG'AT,1349
דישון,DISHON,2063
דימונה,DIMONA,2200
דולב,DOLEV,3747
הדר עם,HADAR AM,191
הזורע,HAZOREA,250
הזורעים,HAZORE'IM,307
הגושרים,HAGOSHERIM,356
המעפיל,HAMA'PIL,377
העוגן,HAOGEN,423
החותרים,HAHOTERIM,434
הראל,HAR'EL,464
הבונים,HABONIM,675
הסוללים,HASOLELIM,677
היוגב,HAYOGEV,684
האון,HAON,702
הודייה,HODIYYA,726
הוזייל (שבט),HUZAYYEL,956
הוואשלה (שבט),HAWASHLA,1169
הושעיה,HOSHA'AYA,1186
הררית,HARARIT,1203
הילה,HILLA,1208
הרדוף,HARDUF,1249
הר עמשא,HAR AMASA,1261
הודיות,HODAYOT,1322
הר גילה,HAR GILLO,3603
הר אדר,HAR ADAR,3769
הרצליה,HERZLIYYA,6400
הוד השרון,HOD HASHARON,9700
ורדון,WARDON,1133
ורד יריחו,WERED YERIHO,3639
זוהר,ZOHAR,44
זיקים,ZIQIM,584
זיתן,ZETAN,788
זכריה,ZEKHARYA,799
זבדיאל,ZAVDI'EL,815
זנוח,ZANOAH,816
זרחיה,ZERAHYA,818
זרזיר,ZARZIR,975
זמרת,ZIMRAT,1065
זמר,ZEMER,1290
זרועה,ZERU'A,2064
זכרון יעקב,ZIKHRON YA'AQOV,9300
חצבה,HAZEVA,13
חפצי-בה,HEFZI-BAH,90
חופית,HOFIT,115
חולדה,HULDA,160
חירות,HERUT,162
חגלה,HOGLA,205
חיבת ציון,HIBBAT ZIYYON,219
חבצלת השרון,HAVAZZELET HASHARON,235
חולתה,HULATA,253
חניתה,HANITA,280
חמדיה,HAMADYA,343
חורשים,HORESHIM,355
חפץ חיים,HAFEZ HAYYIM,363
חוקוק,HUQOQ,374
חצרים,HAZERIM,397
חצור-אשדוד,HAZOR-ASHDOD,406
חרב לאת,HEREV LE'ET,422
חורפיש,HURFEISH,496
חדיד,HADID,618
חוסן,HOSEN,662
חצב,HAZAV,700
חגור,HAGOR,717
חמד,HEMED,801
חניאל,HANNI'EL,807
חלץ,HELEZ,820
חוג'ייראת (ד'הרה),HUJEIRAT (DAHRA),948
ח'ואלד (שבט),KHAWALED,986
חמאם,HAMAM,993
חרוצים,HARUZIM,1024
חזון,HAZON,1047
חבר,HEVER,1110
חרשים,HARASHIM,1209
חולית,HOLIT,1239
חריש,HARISH,1247
חנתון,HANNATON,1257
חלוץ,HALUZ,1272
חורה,HURA,1303
ח'ואלד,KHAWALED,1321
חוסנייה,HUSSNIYYA,1332
חצור הגלילית,HAZOR HAGELILIT,2034
חלמיש,HALLAMISH,3573
חמרה,HAMRA,3609
חיננית,HINNANIT,3643
חמדת,HEMDAT,3646
חרמש,HERMESH,3717
חגי,HAGGAY,3764
חשמונאים,HASHMONA'IM,3770
חיפה,HAIFA,4000
חספין,HASPIN,4005
חד-נס,HAD-NES,4026
חדרה,HADERA,6500
חולון,HOLON,6600
טירת צבי,TIRAT ZEVI,268
טל שחר,TAL SHAHAR,462
טייבה (בעמק),TAYIBE(BAEMEQ),497
טורעאן,TUR'AN,498
טמרה (יזרעאל),TAMRA (YIZRE'EL),547
טירת יהודה,TIRAT YEHUDA,663
טובא-זנגריה,TUBA-ZANGARIYYE,962
טללים,TELALIM,1177
טל-אל,TAL-EL,1181
טפחות,TEFAHOT,1214
טירת כרמל,TIRAT KARMEL,2100
טירה,TIRE,2720
טייבה,TAYIBE,2730
טנא,TENE,3743
טלמון,TALMON,3788
טבריה,TIBERIAS,6700
טמרה,TAMRA,8900
יסוד המעלה,YESUD HAMA'ALA,29
יבנאל,YAVNE'EL,46
"יד רמב""ם",YAD RAMBAM,64
יגור,YAGUR,96
יפעת,YIF'AT,134
ירקונה,YARQONA,183
יקנעם עילית,YOQNE'AM ILLIT,240
יקנעם (מושבה),YOQNE'AM(MOSHAVA),241
יד מרדכי,YAD MORDEKHAY,358
יחיעם,YEHI'AM,409
יקום,YAQUM,417
יסודות,YESODOT,440
יזרעאל,YIZRE'EL,452
יפתח,YIFTAH,453
יפיע,YAFI,499
ירכא,YIRKA,502
יסעור,YAS'UR,575
יד בנימין,YAD BINYAMIN,577
יראון,YIR'ON,623
ירחיב,YARHIV,718
ינוב,YANUV,753
יד חנה,YAD HANNA,758
יציץ,YAZIZ,759
יד נתן,YAD NATAN,775
יערה,YA'ARA,795
יגל,YAGEL,798
יושיביה,YOSHIVYA,803
ישעי,YISH'I,805
יכיני,YAKHINI,811
ישרש,YASHRESH,828
ירוחם,YEROHAM,831
יטבתה,YOTVATA,866
ישע,YESHA,916
יעף,YE'AF,1044
יודפת,YODEFAT,1112
יעל,YA'EL,1117
יד השמונה,YAD HASHEMONA,1134
יעד,YA'AD,1138
ידידה,YEDIDA,1144
יהל,YAHEL,1158
יובלים,YUVALLIM,1226
יתד,YATED,1227
יבול,YEVUL,1232
יאנוח-ג'ת,YANUH-JAT,1295
יובל,YUVAL,2009
ינון,YINNON,2011
ירדנה,YARDENA,2026
יבנה,YAVNE,2660
ירושלים,JERUSALEM,3000
יפית,YAFIT,3566
"ייט""ב",YITAV,3607
יקיר,YAQIR,3647
יצהר,YIZHAR,3749
יונתן,YONATAN,4007
יהוד,YEHUD,9400
כפר תבור,KEFAR TAVOR,47
כנרת (קבוצה),KINNERET(QEVUZA),57
כנרת (מושבה) ,KINNERET(MOSHAVA),63
כפר גלעדי,KEFAR GIL'ADI,76
כפר יחזקאל,KEFAR YEHEZQEL,85
כרם בן שמן,KEREM BEN SHEMEN,88
"כפר מל""ל",KEFAR MALAL,98
כפר גדעון,KEFAR GID'ON,106
כפר סילבר,KEFAR SILVER,107
כפר חסידים א',KEFAR HASIDIM ALEF,112
כפר ברוך,KEFAR BARUKH,132
כפר יהושע,KEFAR YEHOSHUA,140
כפר יונה,KEFAR YONA,168
כפר יעבץ,KEFAR YA'BEZ,170
"כפר ביל""ו",KEFAR BILU,177
כפר הס,KEFAR HESS,187
כפר פינס,KEFAR PINES,189
כפר ויתקין,KEFAR VITKIN,190
כפר החורש,KEFAR HAHORESH,192
כפר חיים,KEFAR HAYYIM,193
"כפר הרא""ה",KEFAR HARO'E,217
כפר ביאליק,KEFAR BIALIK,220
כפר ידידיה,KEFAR YEDIDYA,233
כפר סירקין,KEFAR SIRKIN,249
כפר המכבי,KEFAR HAMAKKABBI,254
כפר חיטים,KEFAR HITTIM,255
כפר שמריהו,KEFAR SHEMARYAHU,267
כפר מנחם,KEFAR MENAHEM,274
כפר רופין,KEFAR RUPPIN,295
כפר מסריק,KEFAR MASARYK,297
כפר גליקסון,KEFAR GLIKSON,310
כפר נטר,KEFAR NETTER,316
כפר ורבורג,KEFAR WARBURG,320
כפר סאלד,KEFAR SZOLD,345
כפר בלום,KEFAR BLUM,357
כפר אוריה,KEFAR URIYYA,364
כדורי,KADOORIE,371
כפר מונש,KEFAR MONASH,387
כפר קיש,KEFAR KISCH,388
כפר גלים,KEFAR GALLIM,427
כפר הנשיא,KEFAR HANASI,443
כאבול,KABUL,504
כאוכב אבו אל-היג'א,KAOKAB ABU AL-HIJA,505
כפר יאסיף,KAFAR YASIF,507
כפר כמא,KAFAR KAMA,508
כפר כנא,KAFAR KANNA,509
כפר מנדא,KAFAR MANDA,510
כפר מצר,KAFAR MISR,512
כברי,KABRI,576
כפר ראש הנקרה,KEFAR ROSH HANIQRA,579
"כרם מהר""ל",KEREM MAHARAL,580
כפר הנגיד,KEFAR HANAGID,582
כפר שמאי,KEFAR SHAMMAY,605
כפר חושן,KEFAR HOSHEN,609
כפר ברא,KAFAR BARA,633
כפר קאסם,KAFAR QASEM,634
כפר קרע,KAFAR QARA,654
כרם בן זמרה,KEREM BEN ZIMRA,664
כפר טרומן,KEFAR TRUMAN,673
כפר אחים,KEFAR AHIM,690
"כפר חב""ד",KEFAR HABAD,696
כפר דניאל,KEFAR DANIYYEL,707
כפר שמואל,KEFAR SHEMU'EL,743
כפר מרדכי,KEFAR MORDEKHAY,764
כרמיה,KARMIYYA,768
כפר זיתים,KEFAR ZETIM,786
כוכב מיכאל,KOKHAV MIKHA'EL,824
כיסופים,KISSUFIM,840
כפר עזה,KEFAR AZZA,845
כפר אביב,KEFAR AVIV,857
כסלון,KESALON,859
כפר עבודה,KEFAR AVODA,875
"כפר הרי""ף",KEFAR HARIF,888
כפר חסידים ב',KEFAR HASIDIM BET,889
כפר הנוער הדתי,KEFAR HANO'AR HADATI,890
כעביה-טבאש-חג'אג'רה,KA'ABIYYE-TABBASH-HAJAJRE,978
כסיפה,KUSEIFE,1059
כרם שלום,KEREM SHALOM,1085
כרם יבנה (ישיבה),KEREM YAVNE(YESHIVA),1094
כפר מימון,KEFAR MAYMON,1095
כפר רוזנואלד (זרעית),KEFAR ROZENWALD(ZARIT),1130
כרמיאל,KARMI'EL,1139
כישור,KISHOR,1153
כפר רות,KEFAR RUT,1166
כליל,KELIL,1183
כרמים,KERAMIM,1198
כמון,KAMMON,1201
כחל,KAHAL,1210
כוכב יאיר,KOKHAV YA'IR,1224
כלנית,KALLANIT,1229
כורזים,KORAZIM,1252
כפר ורדים,KEFAR WERADIM,1263
כרמי יוסף,KARME YOSEF,1264
כרכום,KARKOM,1285
כמהין,KEMEHIN,1291
כסרא-סמיע,KISRA-SUMEI,1296
כפר חנניה,KEFAR HANANYA,1297
כפר זוהרים,KEFAR ZOHARIM,1325
כמאנה,KAMANE,1331
כדיתה,KADDITA,1338
כחלה,KOCHLEA,1367
כרמי קטיף           ,KARMEI KATIF,1374
כנות,KANNOT,2006
כפר בן נון,KEFAR BIN NUN,2010
כפר עציון,KEFAR EZYON,3488
כוכב השחר,KOKHAV HASHAHAR,3564
כפר תפוח,KEFAR TAPPUAH,3572
כפר אדומים,KEFAR ADUMMIM,3638
כרמל,KARMEL,3656
כרמי צור,KARME ZUR,3766
כוכב יעקב,KOKHAV YA'AQOV,3779
כפר האורנים,KEFAR HAORANIM,3796
כפר חרוב,KEFAR HARUV,4004
כנף,KANAF,4028
כפר סבא,KEFAR SAVA,6900
לכיש,LAKHISH,24
לוזית,LUZIT,52
להבות הבשן,LAHAVOT HABASHAN,380
לביא,LAVI,585
לוחמי הגיטאות,LOHAME HAGETA'OT,595
לימן,LIMAN,674
להבות חביבה,LAHAVOT HAVIVA,715
לקיה,LAQYE,1060
לוטם,LOTEM,1171
לפידות,LAPPIDOT,1173
לבון,LAVON,1207
לבנים,LIVNIM,1230
לוטן,LOTAN,1255
להבים,LEHAVIM,1271
לפיד,LAPPID,1310
להב,LAHAV,2023
לוד,LOD,7000
לא ידוע,UNKNOWN,9999
מקווה ישראל,MIQWE YISRA'EL,22
מזכרת בתיה,MAZKERET BATYA,28
מטולה,METULA,43
מנחמיה,MENAHEMYA,48
מצפה,MIZPA,58
מגדל,MIGDAL,65
מרחביה (קיבוץ),MERHAVYA(QIBBUZ),66
מרחביה (מושב),MERHAVYA(MOSHAV),97
מצפה רמון,MIZPE RAMON,99
מאיר שפיה,ME'IR SHEFEYA,102
מזרע,MIZRA,104
משמר העמק,MISHMAR HAEMEQ,130
מלאה,MELE'A,164
משמר השרון,MISHMAR HASHARON,194
מעברות,MA'BAROT,197
מוצא עילית,MOZA ILLIT,208
משמרות,MISHMAROT,213
מעש,MA'AS,230
מסדה,MASSADA,263
מולדת,MOLEDET,269
מעוז חיים,MA'OZ HAYYIM,272
מעלה החמישה,MA'ALE HAHAMISHA,286
מעין צבי,MA'YAN ZEVI,290
מסילות,MESILLOT,298
מחניים,MAHANAYIM,308
מצובה,MAZZUVA,325
מענית,MA'ANIT,344
מנרה,MENARA,347
מגל,MAGGAL,375
משגב עם,MISGAV AM,378
מכמורת,MIKHMORET,382
משמר הנגב,MISHMAR HANEGEV,395
מעין ברוך,MA'YAN BARUKH,416
משאבי שדה,MASH'ABBE SADE,421
משמרת,MISHMERET,425
מגאר,MUGHAR,481
מג'ד אל-כרום,MAJD AL-KURUM,516
מזרעה,MAZRA'A,517
מעיליא,MI'ELYA,518
משהד,MESHHED,520
משמר דוד,MISHMAR DAWID,563
מעונה,ME'ONA,570
מבקיעים,MAVQI'IM,573
מגידו,MEGIDDO,586
מלכיה,MALKIYYA,596
מזור,MAZOR,606
מירון,MERON,607
משואות יצחק,MASSU'OT YIZHAQ,620
מוקייבלה,MUQEIBLE,635
מצר,MEZER,648
מייסר,MEISER,649
מפלסים,MEFALLESIM,668
משמר איילון,MISHMAR AYYALON,670
מעגן,MA'AGAN,678
מגדים,MEGADIM,689
מעגן מיכאל,MA'AGAN MIKHA'EL,694
מגן,MAGEN,695
מגשימים,MAGSHIMIM,722
משמר השבעה,MISHMAR HASHIV'A,729
מישר,MESHAR,731
משמר הירדן,MISHMAR HAYARDEN,732
מסילת ציון,MESILLAT ZIYYON,742
מסלול,MASLUL,748
מצליח,MAZLIAH,757
משגב דב,MISGAV DOV,765
מבוא ביתר,MEVO BETAR,771
מחסיה,MAHSEYA,776
משען,MASH'EN,791
מטע,MATTA,822
מבטחים,MIVTAHIM,829
מרגליות,MARGALIYYOT,843
מגדל העמק,MIGDAL HAEMEQ,874
מדרשת רופין,MIDRESHET RUPPIN,897
מסעודין אל-עזאזמה,MAS'UDIN AL-'AZAZME,939
מנשית זבדה,MANSHIYYET ZABDA,994
מבשרת ציון,MEVASSERET ZIYYON,1015
מעלות-תרשיחא,MA'ALOT-TARSHIHA,1063
מבועים,MABBU'IM,1080
מעגלים,MA'GALIM,1082
מרכז שפירא,MERKAZ SHAPPIRA,1098
מעלה גלבוע,MA'ALE GILBOA,1127
מי עמי,ME AMMI,1128
מדרשת בן גוריון,MIDRESHET BEN GURION,1140
מבוא מודיעים,MEVO MODI'IM,1141
מלכישוע,MALKISHUA,1154
מגן שאול,MAGEN SHA'UL,1155
מורן,MORAN,1163
מנוף,MANOF,1174
מורשת,MORESHET,1178
מתת,MATTAT,1184
מצפה נטופה,MIZPE NETOFA,1190
מחנה יתיר,MAHANE YATTIR,1196
מודיעין-מכבים-רעות,MODI'IN-MAKKABBIM-RE'UT,1200
מכמנים,MIKHMANNIM,1202
מנות,MANOT,1205
"מצפה אבי""ב",MIZPE AVIV,1222
מסד,MASSAD,1258
מיתר,METAR,1268
מירב,MERAV,1282
מתן,MATTAN,1315
מבואות ים,MEVO'OT YAM,1318
מעלה עירון,MA'ALE IRON,1327
מרחב עם,MERHAV AM,1340
מכחול,MAKCHUL,1343
מולדה,MOLADA*,1360
מצפה אילן,MITSPE ILAN,1370
מחנה הילה,MAHANE HILLA,1411
מחנה תל נוף,MAHANE TEL NOF,1412
מחנה יהודית,MAHANE YEHUDIT,1413
מחנה מרים,MAHANE MIRYAM,1414
מחנה יפה,MAHANE YAFA,1415
מחנה יוכבד,MAHANE YOKHEVED,1416
מחנה טלי,MAHANE TALI,1418
מדרך עוז,MIDRAKH OZ,2029
מנוחה,MENUHA,2030
מלילות,MELILOT,2044
מיטב,METAV,2054
מאור,MA'OR,2055
מגדל עוז,MIGDAL OZ,3561
מבוא דותן,MEVO DOTAN,3569
מצפה יריחו,MIZPE YERIHO,3576
מחולה,MEHOLA,3599
משואה,MASSU'A,3605
מעלה אפרים,MA'ALE EFRAYIM,3608
מצפה שלם,MIZPE SHALEM,3610
מכורה,MEKHORA,3614
מעלה אדומים,MA'ALE ADUMMIM,3616
מעלה שומרון,MA'ALE SHOMERON,3637
מתתיהו,MATTITYAHU,3648
מעלה מכמש,MA'ALE MIKHMAS,3651
מעלה עמוס,MA'ALE AMOS,3653
מעון,MA'ON,3657
מבוא חורון,MEVO HORON,3709
מצדות יהודה,MEZADOT YEHUDA,3745
מגדלים,MIGDALIM,3751
מעלה לבונה,MA'ALE LEVONA,3752
משכיות,MASKIYYOT,3785
מודיעין עילית,MODI'IN ILLIT,3797
מעלה גמלא,MA'ALE GAMLA,4008
מיצר,MEZAR,4019
מרום גולן,MEROM GOLAN,4101
מג'דל שמס,MAJDAL SHAMS,4201
מסעדה,MAS'ADE,4203
מבוא חמה,MEVO HAMMA,4204
"ניר ח""ן",NIR HEN,11
נועם,NO'AM,15
נוגה,NOGAH,55
נחושה,NEHUSHA,59
ניר עוז,NIR OZ,69
נהלל,NAHALAL,80
נען,NA'AN,158
ניר יפה,NIR YAFE,165
נטעים,NETA'IM,174
נעורים,NE'URIM,186
נתיבות,NETIVOT,246
ניר דוד (תל עמל),NIR DAWID (TEL AMAL),256
נופך,NOFEKH,257
נווה איתן,NEWE ETAN,296
נהורה,NEHORA,309
נווה ים,NEWE YAM,312
נגבה,NEGBA,315
ניר צבי,NIR ZEVI,331
ניר עם,NIR AM,348
ניצן,NIZZAN,351
ניצנים,NIZZANIM,359
נבטים,NEVATIM,396
ניר יצחק,NIR YIZHAQ,402
נווה אילן,NEWE ILAN,405
נאות מרדכי,NE'OT MORDEKHAY,408
נחשולים,NAHSHOLIM,433
נצר סרני,NEZER SERENI,435
נורדיה,NORDIYYA,447
נחלים,NEHALIM,449
נחף,NAHEF,522
ניין,NEIN,523
נאעורה,NA'URA,524
ניר בנים,NIR BANIM,553
נווה אור,NEWE UR,590
נירים,NIRIM,602
נווה ימין,NEWE YAMIN,686
"נתיב הל""ה",NETIV HALAMED-HE,693
ניר ישראל,NIR YISRA'EL,699
נחשונים,NAHSHONIM,705
ניר גלים,NIR GALLIM,720
ניר עציון,NIR EZYON,769
נחשון,NAHSHON,777
נתיב השיירה,NETIV HASHAYYARA,792
ניר אליהו,NIR ELIYYAHU,808
נחם,NAHAM,809
נס הרים,NES HARIM,825
נווה מבטח,NEWE MIVTAH,827
נורית,NURIT,833
נחל עוז,NAHAL OZ,844
ניצני עוז,NIZZANE OZ,851
נווה ירק,NEWE YARAQ,858
נוה אבות,NEWE AVOT,926
נצאצרה (שבט),NASASRA,1041
נווה זוהר,NEWE ZOHAR,1057
נוף הגליל,Nof Hagalil,1061
נווה מיכאל,NEWE MIKHA'EL,1071
נאות הכיכר,NE'OT HAKIKKAR,1124
נס עמים,NES AMMIM,1143
נטועה,NETU'A,1147
ניצנה (קהילת חינוך),NIZZANA (QEHILAT HINUH),1195
נאות סמדר,NE'OT SMADAR,1197
נירית,NIRIT,1236
נתיב העשרה,NETIV HAASARA,1242
נטף,NATAF,1254
נווה שלום,NEWE SHALOM,1259
נווה חריף,NEWE HARIF,1279
ניצני סיני,NIZZANE SINAY,1280
נופית,NOFIT,1284
נווה זיו,NEWE ZIV,1314
נוף איילון,NOF AYYALON,1333
נווה,NAVE,1366
נטע,NETA,1369
נצר חזני,NEZER HAZZANI,1372
ניצן ב',NIZZAN B,1419
נחלה,NAHALA,2045
ניר משה,NIR MOSHE,2047
ניר עקיבא,NIR AQIVA,2048
נשר,NESHER,2500
נתיב הגדוד,NETIV HAGEDUD,3555
נירן,NIRAN,3620
"ניל""י",NILI,3655
"נעמ""ה",NA'AMA,3713
נגוהות,NEGOHOT,3724
נווה דניאל,NEWE DANIYYEL,3725
נוקדים,NOQEDIM,3726
נחליאל,NAHALI'EL,3767
נעלה,NA'ALE,3787
נופים,NOFIM,3790
נטור,NATUR,4014
נמרוד               ,NIMROD,4035
"נווה אטי""ב",NEWE ATIV,4303
נוב,NOV,4304
נאות גולן,NE'OT GOLAN,4551
נס ציונה,NES ZIYYONA,7200
נצרת,NAZARETH,7300
נתניה,NETANYA,7400
נהריה,NAHARIYYA,9100
סעד,SA'AD,419
סער,SA'AR,454
סאג'ור,SAJUR,525
סולם,SULAM,526
סאסא,SASA,578
סביון,SAVYON,587
סתריה,SITRIYYA,610
סואעד (חמרייה)(שבט),SAWA'ID(HAMRIYYE),942
סואעד (כמאנה) (שבט),SAWA'ID (KAMANE),989
סמר,SAMAR,1156
סייד (שבט),SAYYID,1170
ספיר,SAPPIR,1176
סופה,SUFA,1238
סלמה,SALLAMA,1245
סגולה,SEGULLA,2046
סלעית,SAL'IT,3567
סוסיה,SUSEYA,3756
סנסנה,SANSANA,3777
סח'נין,SAKHNIN,7500
עוצם,OZEM,32
עתלית,ATLIT,53
עין הוד,EN HOD,74
עין חרוד (מאוחד),EN HAROD(ME'UHAD),82
עין חרוד (איחוד),EN HAROD (IHUD),89
עין שמר,EN SHEMER,139
עיינות,AYANOT,156
עין ורד,EN WERED,157
עין החורש,EN HAHORESH,167
עין עירון,EN IRON,223
עין השופט,EN HASHOFET,270
עין גב,EN GEV,273
עין המפרץ,EN HAMIFRAZ,289
עמיעוז,AMMI'OZ,318
עמיר,AMIR,319
עזוז,EZUZ,328
עין העמק,EN HAEMEQ,367
עברון,EVRON,376
"עין הנצי""ב",EN HANAZIV,383
עמיעד,AMMI'AD,385
עין כרמל,EN KARMEL,426
עין דור,EN DOR,436
עילוט,ILUT,511
עין ראפה,EIN RAFA,514
עין נקובא,EIN NAQQUBA,521
עוזייר,UZEIR,528
עיילבון,EILABUN,530
עראבה,ARRABE,531
עין מאהל,EIN MAHEL,532
עספיא,ISIFYA,534
עין אל-אסד,EIN AL-ASAD,546
עשרת,ASERET,591
ערוגות,ARUGOT,593
עין צורים,EN ZURIM,622
ערערה,AR'ARA,637
עומר,OMER,666
עין השלושה,EN HASHELOSHA,676
עין איילה,EN AYYALA,687
עלמה,ALMA,688
עמקה,AMQA,708
עזריה,AZARYA,711
עולש,OLESH,737
עמיקם,AMMIQAM,773
עמינדב,AMMINADAV,779
עגור,AGUR,794
עין יהב,EN YAHAV,806
עופר,OFER,810
עין יעקב,EN YA'AQOV,813
עזריקם,AZRIQAM,817
עוזה,UZA,826
עזריאל,AZRI'EL,837
עינת,ENAT,871
עין שריד,EN SARID,880
עבדון,AVDON,892
עצמון שגב,ATSMON SEGEV,917
עוקבי (בנו עוקבה),UQBI (BANU UQBA),957
עטאוונה (שבט),ATAWNE,969
עין חצבה,EN HAZEVA,1053
"עין כרם-בי""ס חקלאי",EN KAREM-B.S.HAQLA'I,1056
עלומים,ALUMIM,1146
עזר,EZER,1149
עידן,IDDAN,1175
עיר אובות,IR OVOT,1187
ערערה-בנגב,AR'ARA-BANEGEV,1192
עדי,ADI,1199
עמוקה,AMUQQA,1212
עין הבשור,EN HABESOR,1240
עראמשה,ARAMSHA,1246
עין תמר,EN TAMAR,1251
עין חוד,EIN HOD,1320
ערב אל נעים,ARAB AL NAIM,1335
עדנים,ADANIM,2035
עין גדי,EN GEDI,2042
ערד,ARAD,2560
עפרה,OFRA,3617
עטרת,ATERET,3658
עמנואל,IMMANU'EL,3660
ענב,ENAV,3712
עלמון,ALMON,3715
עלי זהב,ALE ZAHAV,3727
עתניאל,OTNI'EL,3748
עלי,ELI,3765
עץ אפרים,EZ EFRAYIM,3778
עמיחי,Amihai,3824
ע'ג'ר,GHAJAR,4501
עין קנייא,EIN QINIYYE,4502
עין זיוון,EN ZIWAN,4503
עכו,AKKO,7600
עפולה,AFULA,7700
פרדסיה,PARDESIYYA,171
פקיעין חדשה,PEQI'IN HADASHA,281
פסוטה,FASSUTA,535
פקיעין (בוקייעה),PEQI'IN (BUQEI'A),536
פוריידיס,FUREIDIS,537
פלמחים,PALMAHIM,597
פרוד,PAROD,599
פטיש,PATTISH,749
פדויים,PEDUYIM,750
פורת,PORAT,767
פדיה,PEDAYA,838
פתחיה,PETAHYA,839
פוריה - כפר עבודה,PORIYYA-KEFAR AVODA,1104
פוריה - נווה עובד,PORIYYA-NEWE OVED,1105
פארן,PARAN,1151
פלך,PELEKH,1185
פרי גן,PERI GAN,1231
פוריה עילית,PORIYYA ILLIT,1313
פרזון,PERAZON,2053
"פעמי תש""ז",PA'AME TASHAZ,2059
פצאל,PEZA'EL,3615
פסגות,PESAGOT,3659
פני חבר,PENE HEVER,3723
פדואל,PEDU'EL,3768
פרדס חנה-כרכור,PARDES HANNA-KARKUR,7800
פתח תקווה,PETAH TIQWA,7900
צופית,ZOFIT,198
צור משה,ZUR MOSHE,276
צאלים,ZE'ELIM,413
צובה,ZOVA,465
צרעה,ZOR'A,567
צפריה,ZAFRIYYA,594
צרופה,ZERUFA,612
ציפורי,ZIPPORI,613
צנדלה,SANDALA,636
צוריאל,ZURI'EL,774
צלפון,ZELAFON,796
צפרירים,ZAFRIRIM,1079
צוקי ים,ZUQI YAM,1102
צור הדסה,ZUR HADASSA,1113
צוחר,ZOHAR,1136
צור נתן,ZUR NATAN,1148
צופר,ZOFAR,1150
צביה,ZVIYYA,1180
צבעון,ZIV'ON,1213
צורית,ZURIT,1221
צוקים,ZUQIM,1262
צור יצחק,ZUR YIZHAQ,1345
צופים,ZUFIM,3791
צפת,ZEFAT,8000
קרית ענבים,QIRYAT ANAVIM,78
קדימה-צורן,QADIMA-ZORAN,195
קבוצת יבנה,QEVUZAT YAVNE,334
קדמה,QEDMA,392
קרית שלמה,QIRYAT SHELOMO,412
קלחים,QELAHIM,414
קרית עקרון,QIRYAT EQRON,469
קדרון,QIDRON,615
קלנסווה,QALANSAWE,638
קוממיות,QOMEMIYYUT,766
קודייראת א-צאנע(שבט),QUDEIRAT AS-SANI,964
קוואעין (שבט),QAWA'IN,972
קרית מלאכי,QIRYAT MAL'AKHI,1034
קטורה,QETURA,1052
קרית יערים,QIRYAT YE'ARIM,1137
קיסריה,QESARYYA,1167
קורנית,QORANIT,1179
קדרים,QADDARIM,1211
קבועה (שבט),QABBO'A,1234
קציר,'QAZIR,1243
קצר א-סר,QASR A-SIR,1347
קרית יערים(מוסד),QIRYAT YE'ARIM(INSTITUTE),2039
קרית טבעון,QIRYAT TIV'ON,2300
קרית אונו,QIRYAT ONO,2620
קרית גת,QIRYAT GAT,2630
קרית שמונה,QIRYAT SHEMONA,2800
קדומים,QEDUMIM,3557
קליה,QALYA,3601
קרית ארבע,QIRYAT ARBA,3611
קרני שומרון,QARNE SHOMERON,3640
קרית נטפים,QIRYAT NETAFIM,3746
קדר,QEDAR,3781
קשת,QESHET,4006
קלע,QELA,4024
קדמת צבי,QIDMAT ZEVI,4025
קצרין,QAZRIN,4100
קרית אתא,QIRYAT ATTA,6800
קרית מוצקין,QIRYAT MOTZKIN,8200
קרית ביאליק,QIRYAT BIALIK,9500
קרית ים,QIRYAT YAM,9600
ראש פינה,ROSH PINNA,26
רמת ישי,RAMAT YISHAY,122
רמת רחל,RAMAT RAHEL,127
רמת דוד,RAMAT DAWID,135
רמת יוחנן,RAMAT YOHANAN,178
רמת הכובש,RAMAT HAKOVESH,184
רמות השבים,RAMOT HASHAVIM,206
רשפון,RISHPON,247
רמת השופט,RAMAT HASHOFET,335
רמת צבי,RAMAT ZEVI,339
רביבים,REVIVIM,354
רוחמה,RUHAMA,362
רמות נפתלי,RAMOT NAFTALI,372
רגבה,REGBA,390
רשפים,RESHAFIM,437
רגבים,REGAVIM,444
רמות מנשה,RAMOT MENASHE,445
רמת רזיאל,RAMAT RAZI'EL,460
רומאנה,RUMMANE,539
ריחאניה,REIHANIYYE,540
ריינה,REINE,542
ראמה,RAME,543
רבדים,REVADIM,564
רינתיה,RINNATYA,616
רעים,RE'IM,713
רמות מאיר,RAMOT ME'IR,735
רנן,RANNEN,789
רחוב,REHOV,854
רכסים,REKHASIM,922
ראס עלי,RAS ALI,990
רומת הייב,RUMAT HEIB,997
רם-און,RAM-ON,1069
רהט,RAHAT,1161
רביד,RAVID,1225
רקפת,RAQQEFET,1228
רתמים,RETAMIM,1260
ראס אל-עין,RAS AL-EIN,1334
רוח מדבר,RUAH MIDBAR,1341
רוויה,REWAYA,2016
רווחה,REWAHA,2051
ראש העין,ROSH HAAYIN,2640
רמת השרון,RAMAT HASHARON,2650
רימונים,RIMMONIM,3565
ריחן,REHAN,3568
ראש צורים,ROSH ZURIM,3602
רועי,RO'I,3619
רותם,ROTEM,3782
רבבה,REVAVA,3795
רחלים,REHELIM,3822
רמת מגשימים,RAMAT MAGSHIMIM,4701
רמות,RAMOT,4702
ראשון לציון,RISHON LEZIYYON,8300
רחובות,REHOVOT,8400
רמלה,RAMLA,8500
רמת גן,RAMAT GAN,8600
רעננה,RA'ANNANA,8700
שחר,SHAHAR,7
שדה משה,SEDE MOSHE,18
שדות מיכה,SEDOT MIKHA,27
שדה דוד,SEDE DAWID,36
שריד,SARID,126
שדה יעקב,SEDE YA'AQOV,142
שושנת העמקים,SHOSHANNAT HAAMAQIM,224
שפיים,SHEFAYIM,232
שער העמקים,SHA'AR HAAMAQIM,237
שדה נחום,SEDE NAHUM,259
שער הגולן,SHA'AR HAGOLAN,264
שבי ציון,SHAVE ZIYYON,282
שדה ורבורג,SEDE WARBURG,284
שרונה,SHARONA,292
שדה יואב,SEDE YO'AV,293
שדה אליהו,SEDE ELIYYAHU,304
שדמות דבורה,SHADMOT DEVORA,306
שאר ישוב,SHE'AR YASHUV,324
שדות ים,SEDOT YAM,327
שדה נחמיה,SEDE NEHEMYA,329
שמיר,SHAMIR,366
שובל,SHOVAL,394
שרשרת,SHARSHERET,398
שוקדה,SHOQEDA,415
שמרת,SHAMERAT,432
שלוחות,SHELUHOT,439
שורש,SHORESH,456
שזור,SHEZOR,527
שעב,SHA'AB,538
שדמה,SHEDEMA,555
שומרה,SHOMERA,614
שייח' דנון,SHEIKH DANNUN,658
שער אפרים,SHA'AR EFRAYIM,661
שפיר,SHAFIR,692
שדה אילן,SEDE ILAN,721
שדה עוזיהו,SEDE UZZIYYAHU,739
שואבה,SHO'EVA,741
שובה,SHUVA,761
שתולים,SHETULIM,763
שלומי,SHELOMI,812
שפר,SHEFER,846
שעלבים,SHA'ALVIM,856
שדה אליעזר,SEDE ELI'EZER,861
שיבולים,SHIBBOLIM,865
שלווה,SHALWA,873
שדה בוקר,SEDE BOQER,885
שבלי - אום אל-גנם,SHIBLI-UMM AL-GHANAM,913
שער מנשה,SHA'AR MENASHE,921
שדרות,SEDEROT,1031
שתולה,SHETULA,1045
שדה ניצן,SEDE NIZZAN,1058
שריגים (לי-און),SARIGIM (LI-ON),1114
שניר,SENIR,1132
שכניה,SHEKHANYA,1160
שילת,SHILAT,1165
שדי אברהם,SEDE AVRAHAM,1223
שקף,SHEQEF,1233
שורשים,SHORASHIM,1235
שומריה,SHOMERIYYA,1265
שחרות,SHAHARUT,1266
שיטים,SHITTIM,1267
שגב-שלום,SEGEV-SHALOM,1286
שני,SHANI,1287
שוהם,SHOHAM,1304
שמשית,SHIMSHIT,1337
שלומית,SHLOMIT,1364
שלווה במדבר,SHALVA BAMIDBAR,1373
שבי דרום,SHAVE DAROM,1377
שדה יצחק,SEDE YIZHAQ,2008
שדי חמד,SEDE HEMED,2015
שדה צבי,SEDE ZEVI,2049
שדי תרומות,SEDE TERUMOT,2057
שבי שומרון,SHAVE SHOMERON,3571
שדמות מחולה,SHADMOT MEHOLA,3578
שילה,SHILO,3641
שקד,SHAQED,3649
שערי תקווה,SHA'ARE TIQWA,3720
שמעה,SHIM'A,3784
שעל,SHA'AL,4009
שפרעם,SHEFAR'AM,8800
תירוש,TIROSH,10
תל יוסף,TEL YOSEF,84
תל עדשים,TEL ADASHIM,103
תל מונד,TEL MOND,154
תימורים,TIMMORIM,163
תל יצחק,TEL YIZHAQ,287
תקומה,TEQUMA,665
תפרח,TIFRAH,709
תל קציר,TEL QAZIR,719
תלמי יחיאל,TALME YEHI'EL,727
תלמי יפה,TALME YAFE,744
תעוז,TA'OZ,752
תרום,TARUM,778
תלמים,TELAMIM,814
תראבין א-צאנע (שבט),TARABIN AS-SANI,970
תלמי אליהו,TALME ELIYYAHU,1051
תל שבע,TEL SHEVA,1054
תושיה,TUSHIYYA,1083
תובל,TUVAL,1172
תלמי יוסף,TALME YOSEF,1237
תמרת,TIMRAT,1244
תל תאומים,TEL TE'OMIM,1283
תראבין א-צאנע,TARABIN AS-SANI,1346
תנובות,TENUVOT,2002
תלמי אלעזר,TALME EL'AZAR,2003
"תלמי ביל""ו",TALME BILU,2050
תדהר,TIDHAR,2061
תאשור,TE'ASHUR,2062
תומר,TOMER,3558
תקוע,TEQOA,3563
תלם,TELEM,3719
תל אביב - יפו,TEL AVIV - YAFO,5000
